#threads,exec_time,speedup
1S,0.063105,1
1,0.018051,3.495928
2,0.025986,1.386400
3,0.019434,2.078007
4,0.017672,2.036894
