#threads,exec_time,speedup
1S,0.436833,1
1,0.233180,1.873372
2,0.209585,2.007801
3,0.232306,1.791348
4,0.218643,1.914394
