#threads,exec_time,speedup
1S,0.039289,1
1,0.010249,3.833447
2,0.008892,1.589293
3,0.008771,1.597879
4,0.009818,1.430026
