#threads,exec_time,speedup
1S,0.032727,1
1,0.015896,2.058819
2,0.014447,1.953969
3,0.018200,1.530549
4,0.014617,1.907504
