#threads,exec_time,speedup
1S,0.076253,1
1,0.029747,2.563384
2,0.033406,1.504280
3,0.028115,1.782464
4,0.030599,1.696656
