#threads,exec_time,speedup
1S,0.036148,1
1,0.008083,4.472101
2,0.007218,1.666805
3,0.007019,1.730018
4,0.006956,1.741086
