#threads,exec_time,speedup
1S,6.220988,1
1,3.026705,2.055366
2,3.437909,1.836253
3,3.262831,1.935241
4,3.239200,1.956726
