#threads,exec_time,speedup
1S,0.235108,1
1,0.120333,1.953811
2,0.116125,1.754798
3,0.113888,1.799592
4,0.103399,1.990173
