#threads,exec_time,speedup
1S,0.737483,1
1,0.379240,1.944634
2,0.345623,2.110878
3,0.356033,2.102027
4,0.356639,2.046526
