#threads,exec_time,speedup
1S,3.759222,1
1,1.770348,2.123436
2,1.814573,1.934417
3,1.926338,1.829756
4,1.996999,1.774811
