#threads,exec_time,speedup
1S,0.048923,1
1,0.010436,4.687907
2,0.010458,1.958691
3,0.010622,1.924496
4,0.010604,2.117125
