#threads,exec_time,speedup
1S,0.469165,1
1,0.243195,1.929172
2,0.265967,1.711069
3,0.257575,1.827933
4,0.247099,1.871015
