#threads,exec_time,speedup
1S,0.021008,1
1,0.013161,1.596231
2,0.011205,1.680321
3,0.013116,1.426425
4,0.012689,1.322956
