#threads,exec_time,speedup
1S,0.033394,1
1,0.020401,1.636880
2,0.024146,1.320094
3,0.021008,1.607292
4,0.019630,1.750687
