#threads,exec_time,speedup
1S,0.230418,1
1,0.117771,1.956491
2,0.113840,1.971205
3,0.115272,1.973844
4,0.131869,1.718227
