#threads,exec_time,speedup
1S,0.058266,1
1,0.033706,1.728653
2,0.041611,1.366585
3,0.040319,1.462387
4,0.034721,1.687393
