#threads,exec_time,speedup
1S,0.028270,1
1,0.014436,1.958298
2,0.012382,2.047084
3,0.013704,1.833771
4,0.014212,1.776878
