#threads,exec_time,speedup
1S,0.793920,1
1,0.404163,1.964355
2,0.400149,1.977225
3,0.393950,2.015776
4,0.384998,2.052997
