#threads,exec_time,speedup
1S,0.036422,1
1,0.019251,1.891953
2,0.020224,1.521212
3,0.019438,1.749151
4,0.021618,1.581182
