#threads,exec_time,speedup
1S,0.464184,1
1,0.294001,1.578851
2,0.250707,1.840499
3,0.246891,1.867880
4,0.268491,1.713230
