#threads,exec_time,speedup
1S,0.805932,1
1,0.401095,2.009329
2,0.412089,1.968683
3,0.386163,2.070042
4,0.391055,2.087834
