#threads,exec_time,speedup
1S,0.042957,1
1,0.021635,1.985532
2,0.024263,1.784898
3,0.022168,1.915779
4,0.021529,2.098796
