#threads,exec_time,speedup
1S,0.027574,1
1,0.014208,1.940737
2,0.016015,1.597752
3,0.014945,1.593844
4,0.012217,2.133011
