#threads,exec_time,speedup
1S,0.020521,1
1,0.012032,1.705535
2,0.011441,1.784896
3,0.013009,1.291106
4,0.012458,1.530984
