#threads,exec_time,speedup
1S,0.233579,1
1,0.136648,1.709348
2,0.129167,1.779463
3,0.112695,2.023763
4,0.114773,2.004417
