#threads,exec_time,speedup
1S,0.062344,1
1,0.033884,1.839924
2,0.035771,1.646109
3,0.037024,1.588672
4,0.036844,1.523558
