#threads,exec_time,speedup
1S,0.020338,1
1,0.010249,1.984388
2,0.009423,1.898015
3,0.008257,2.179847
4,0.010723,1.610090
