#threads,exec_time,speedup
1S,0.019043,1
1,0.008214,2.318358
2,0.007882,2.474245
3,0.008697,2.073818
4,0.007871,2.118155
