#threads,exec_time,speedup
1S,0.045003,1
1,0.022991,1.957418
2,0.021573,1.951606
3,0.021695,2.012537
4,0.023099,1.919606
